module,question_number,passage,prompt,option_a,option_b,option_c,option_d,correct_answer,image_url
"1","1","The following text is from Jacqueline Woodson’s 2018 novel Harbor Me.

I’ve pulled the voice recorder from my closet and have it sitting on the middle of my bed now. When I press play, Esteban’s voice fills my room.","As used in the text, what does the word “pulled” most nearly mean?","Attracted","Developed","Taken","Surprised","2",""
"1","2","Nancy Bird-Walton, who was an aviation pioneer, undoubtedly accomplished much, but to gain a lasting place in our historical memory, there is little that can _______ being the first to do something. For example, people will always remember that Amelia Earhart was the first woman to fly solo across the Atlantic Ocean.","Which choice completes the text with the most logical and precise word or phrase?","overreach by","constrain within","prevail over","fluctuate with","2",""
"1","3","Car manufacturers increasingly label certain vehicle components as “lifetime” parts that supposedly never need replacement. Mechanics tend to greet such assertions _______, as ample experience has shown them that environmental factors, varied driving conditions, and intensive use will likely lead to the eventual failure of these components.","Which choice completes the text with the most logical and precise word or phrase?","ambivalently","skeptically","hastily","unreasonably","1",""
"1","4","From mosaics like Four Seasons by Marc Chagall, found at Chase Tower, to street art like Joseph “Sentrock” Perez’s mural Fly Higher on South Wood Street, Chicago offers an array of works to _______ the tastes of art lovers.","Which choice completes the text with the most logical and precise word or phrase?","mitigate","supplant","venerate","satiate","3",""
"1","5","With examples ranging from Dean’s Blue Hole in the Bahamas to Nancy’s Blue Hole in the Abaco Islands, blue holes are large underwater sinkholes: pits filled with dark blue water that contrasts with lighter blue shallower waters surrounding them. The formation of blue holes typically involves several natural processes, including sea level changes. Currently, the deepest blue hole on record is the Taam Ja’ Blue Hole in Chetumal Bay, Mexico, which is reported by Teresa Álvarez-Legorreta and colleagues as extending at least 420 meters below sea level.","Which choice best describes the overall structure of the text?","It defines a kind of sinkhole, describes its typical appearance and formation, and provides information about the deepest known sinkhole.","It describes the appearance of a particular type of sinkhole, compares the formations of two sinkholes of that type, and then names the researchers who discovered the deepest known sinkhole of that type.","It explains how a particular sinkhole formed, evaluates that sinkhole’s unusual appearance, and names a research team that is studying the sinkhole.","It compares a deep sinkhole to a shallower one, details the processes by which both sinkholes formed, and emphasizes the remarkable depth of the deeper sinkhole.","0",""
"1","6","Text 1
The novels of Henry James changed stylistically starting in 1902, becoming more demanding and featuring a much more measured pace than his earlier works. <u>This style places a burden on readers that they may not be prepared for: James’s late novels are some of the best he wrote, but they are not for everyone.</u>

Text 2
The films of Martin Scorsese released starting in 2016 have the same place in his filmography that the late novels of Henry James have in his bibliography. Both are works by proven masters—James had published The American (1877); Scorsese had directed Taxi Driver (1976)—who began to make demanding works, such as James’s The Ambassadors (1903) and Scorsese’s Silence (2016), that ask more of their audiences than their earlier works do but give more in return.","Based on the texts, how would the author of Text 2 most likely respond to the underlined claim in Text 1?","By asserting that both James and Scorsese ought to be considered masters of their chosen art forms","By conceding that James’s The American is a superior novel to The Ambassadors","By arguing that James’s novels cannot be fully understood without also considering Scorsese’s films","By agreeing that James’s late novels are excellent but can be challenging for their readers","3",""
"1","7","The following text is from Hilda Eunice Burgos’s 2018 novel Ana María Reyes Does Not Live in a Castle. The narrator is in sixth grade.

The next day I went to my piano lesson, as I did every Tuesday after school. My piano teacher, Doña Dulce Sánchez, lived two blocks from my school, in the opposite direction from my house.","According to the text, where did the narrator’s piano teacher live?","Near the center of town","Two blocks from the narrator’s school","Five blocks from the narrator’s home","Next to where the narrator’s home is","1",""
"1","8","From polar bears to aphid wasps, many animals practice some form of brood care (caring for offspring). Yanzhe Fu and colleagues claim to have found the earliest evidence of this behavior in insects in 163.5-million-year-old remains from the Haifanggou Formation in China, a location that has yielded many fossils, including those of feathered dinosaurs. Fu and team examined 157 specimens of the extinct water boatman species Karataviella popovi and noted thirty individuals that appear to carry eggs on one of their legs. This finding establishes brood care in insects approximately 38 million years earlier than previously known.","Which choice best states the main idea of the text?","The Haifanggou Formation is an abundant source of fossilized dinosaurs and K. popovi.","Fu and team concluded that K. popovi likely carried their offspring on one of their legs.","Fu and team’s study of K. popovi fossils suggests that brood care in insects began earlier than formerly established.","Research shows that feathered dinosaurs inhabited the location that is now the Haifanggou Formation long before K. popovi did.","2",""
"1","9","Peter Pan is a 1911 novel by J.M. Barrie. In the fantasy novel, a young boy named Peter lives on a mythical island. The narrator indicates that Peter does not know that pretend things are not real:","Which quotation about Peter from Peter Pan best supports the claim?","“To him make-believe and true were exactly the same thing.”","“In his absence things are usually quiet on the island.”","“His careless manner had gone at last.”","“He was stealing across the island with one finger to his lips.”","0",""
"1","10","**Characteristics of Wave-Made Ripples and Current-Made Ripples**

| Feature | Wave-made | Current-made |
| --- | --- | --- |
| Shape | even | uneven |
| Movement | mostly stay in place | slowly in the direction of the current |
| Formation time | seconds to hours | hours to days |

When water moves over sandy areas, like riverbeds and seafloors, it shapes the sand into small ridges called ripples. Ripples form in two main ways: from waves or from currents. Waves move back and forth, like at the ocean shore. Currents move in one direction, like in a river. These movements make different ripples. A student is comparing wave-made ripples and current-made ripples and notes that","Which choice most effectively uses information from the table to complete the statement?","wave-made ripples move quickly in one direction and current-made ripples stay still.","wave-made ripples are even and current-made ripples are uneven.","the formation time for both types of ripples is seconds to hours.","both types of ripples mostly stay in place.","1",""
"1","11","**Highest Major Summits in India**

| Summit | Elevation (meters) | Mountain range | Prominence (meters) |
| --- | --- | --- | --- |
| Rimo I | 7,385 | Rimo Karakoram | 1,438 |
| Nanda Devi | 7,816 | Himalayas | 3,139 |
| Panchchuli II | 6,904 | Garhwal Himalaya | 1,614 |
| Saser Kangri I / K22 | 7,672 | Saser Karakoram | 2,304 |
| Langpo | 6,965 | Sikkim Himalaya | 560 |

Mountain summits are often described in terms of their elevation, or height above sea level. But a summit’s elevation may not be as good an indication of how high the mountain appears to observers as is the summit’s prominence, or its height above its surroundings, and these values can differ significantly. For example, the Indian mountain of","Which choice most effectively uses data from the table to complete the example?","Saser Kangri I / K22 has an elevation of 7,672 meters and is considered the highest mountain from the Saser Karakoram range.","Nanda Devi has a much higher prominence than does Langpo.","Nanda Devi has a high prominence but is from a different mountain range than Rimo I, which has a lower prominence.","Nanda Devi has an elevation of 7,816 meters but a considerably lower prominence of 3,139 meters.","3",""
"1","12","**Home Video Game Systems of the 1970s and 1980s**

| System | Manufacturer | Approximate units sold worldwide |
| --- | --- | --- |
| Apple II | Apple Inc. | 4,487,000 |
| Amstrad CPC | Amstrad | 2,000,000 |
| Atari 2600 | Atari | 18,450,000 |
| TurboGrafx-16 | NEC | 2,650,000 |

A student is researching the Amstrad CPC and other important gaming systems that were part of the global rise of the home video game industry during the 1970s and 1980s. The student is surprised to find that the Amstrad CPC sold relatively few units worldwide, with only about","Which choice most effectively uses data from the table to complete the statement?","2,650,000 units sold compared to the approximately 4,487,000 units sold of the Atari 2600.","2,650,000 units sold compared to the approximately 4,487,000 units sold of the Apple II.","2,000,000 units sold compared to the approximately 18,450,000 units sold of the TurboGrafx-16.","2,000,000 units sold compared to the approximately 18,450,000 units sold of the Atari 2600.","3",""
"1","13","Brittle stars are sea animals that move along the ocean floor using their five arms. Unlike most animals, brittle stars have 70%–80% of their weight in their arms. To better understand the benefits of this unusual design, scientists built a soft robot inspired by the brittle star’s body structure. The robot has a middle disk and five arms whose weights can be changed. When the scientists made the arms heavier, the arms pressed down more firmly on the ground. This stronger grip kept the arms from slipping and allowed the robot to move more steadily across the ocean floor. Based on these results, the scientists hypothesize that","Which choice most logically completes the text?","having most of their weight in their arms allows brittle stars to climb steep underwater cliffs.","brittle stars have most of the weight in their arms because that is where they store nutrients.","having most of their weight in their arms helps brittle stars move across the ocean floor.","brittle stars have most of their weight in their arms so they can scare off predators.","2",""
"1","14","The state of Colorado has classified the rusty crayfish as an invasive species that could harm some of the state’s native species. But researchers Alejandro Camacho and Jason McLachlan have pointed out that Earth’s climate is changing in ways that challenge such classifications. Climate changes may force animals from their current ranges. Climate changes may also create good habitats in areas where a species couldn’t live previously. These observations suggest that","Which choice most logically completes the text?","it’s useful at present for Colorado to distinguish between invasive and native species in some instances but not in the case of the rusty crayfish.","Colorado was previously home to some rusty crayfish but they were outcompeted by invading species.","labels like the one that Colorado has applied to the rusty crayfish reflect environmental conditions that may not persist.","even if Earth’s climate doesn’t change in the way scientists predict, the rusty crayfish will likely establish itself in Colorado.","2",""
"1","15","Whereas Charles B. Ferster’s 1957 study of a captive chimpanzee reported more right-handedness than left-handedness, William C. McGrew and colleagues’ 1999 study of wild chimpanzees did not. According to a meta-analysis of studies of non-human primates, captive populations are more likely to be described as right-handed than wild populations are. Statistical analysis indicates a handedness study would need a minimum of 176 individuals to show a representative result; however, the study by Ferster included a total population of 1, and the study by McGrew and colleagues included a total population of 13. This suggests that","Which choice most logically completes the text?","the study by Ferster reliably represents handedness in captive primates but not in wild primates.","the study by Ferster reliably represents handedness in captive primates, but the study by McGrew and colleagues likely does not reliably represent handedness in wild primates.","neither the study by Ferster nor the study by McGrew and colleagues provides sufficient evidence to make a meaningful comparison about handedness in primates.","McGrew and colleagues likely underestimated the prevalence of right-handedness among the wild chimpanzees in the study.","2",""
"1","16","In the tapestries Blessing of Rain and Intended Vermillion, Diné textile artist D.Y. Begay uses _______ and yellows extracted from cochineal insects from Peru as well as local hollyhocks, coreopsis, and chamisa plants gathered from her Tsélání homeland in Arizona.","Which choice completes the text so that it conforms to the conventions of Standard English?","reds greens,","reds, greens,","reds; greens,","reds greens","1",""
"1","17","Although Spanish artist Pablo Picasso (1881–1973) is famous mainly for his paintings, he worked in other art forms as well. Picasso _______ experimenting with sculpture as a young man and eventually created hundreds of innovative pieces, many of which he kept in his home.","Which choice completes the text so that it conforms to the conventions of Standard English?","beginning","began","having begun","to begin","1",""
"1","18","Rock carvings found on islands around the lower Susquehanna River in Maryland repeatedly feature the same stylized face. Experts are divided on whether the face represents the head of a _______ a human, or a mythical figure.","Which choice completes the text so that it conforms to the conventions of Standard English?","fish. A serpent,","fish, a serpent,","fish: a serpent","fish a serpent,","1",""
"1","19","Commercial failures when they were first introduced in 1909, Billy Possums—stuffed toy opossums named after the newly elected president, William Taft—now sell for thousands of dollars at auction. The extreme rarity of these once unpopular toys explains why _______","Which choice completes the text so that it conforms to the conventions of Standard English?","they have increased in value.","have they increased in value?","they have increased in value?","have they increased in value.","0",""
"1","20","During the early twentieth century, few women were trained to learn aviation skills—a notable exception being Gladys Ingle. An aviator who _______ the fourth licensed female pilot in the United States, she is memorialized in photos and film from the 1920s and 1930s at the Smithsonian Air and Space Museum.","Which choice completes the text so that it conforms to the conventions of Standard English?","is becoming","became","will have become","has become","1",""
"1","21","A recent study _______ by biologists Brandi Pessman and Eileen Hebets at the University of Nebraska–Lincoln found that in noisy environments, some funnel-weaving spiders built webs that amplified the sound of incoming vibrations at a particular frequency, allowing the spiders “to better hear certain signals above the noise,” according to Pessman.","Which choice completes the text so that it conforms to the conventions of Standard English?","was conducted","had been conducted","is conducted","conducted","3",""
"1","22","How does a clear evening become foggy? First, the ground releases heat, which radiates upward. This causes the air near the ground to cool. _______ tiny water droplets begin to form as the cooling air reaches its dew point and can no longer hold its moisture as invisible vapor. Finally, as more droplets accumulate, a visible layer of fog develops close to the ground.","Which choice completes the text with the most logical transition?","Next,","Lastly,","Instead,","Similarly,","0",""
"1","23","In 2005, notoriously shy American singer-songwriter Ray LaMontagne saw his life change with the success of his hit single “Trouble.” That year, he performed more than thirty live sets, including at The Warfield in San Francisco, United States, and Scala in London, England; _______ he’d performed fewer than a dozen times in 2004.","Which choice completes the text with the most logical transition?","similarly,","additionally,","on the other hand,","often,","2",""
"1","24","In Greenland, the Greenlandic Parliament is elected via a proportional representation (PR) system. In PR elections, votes are cast (not for specific candidates, as they are in single-member plurality systems, but for political parties) and then tabulated; _______ each qualifying party is awarded a number of seats proportional to the number of votes it received.","Which choice completes the text with the most logical transition?","by contrast,","second of all,","accordingly,","in fact,","2",""
"1","25","One might assume that Germany’s Wikinger offshore wind farm produces the same amount of energy as land-based wind farms of a similar size. _______ because wind speeds over open water are generally higher than those over land, Wikinger’s turbines turn faster and produce more energy than do most land farms’ turbines.","Which choice completes the text with the most logical transition?","Therefore,","For example,","Actually,","Finally,","2",""
"1","26","While researching a topic, a student has taken the following notes:
• Cinematographers work with cameras and lighting.
• They help translate film directors’ ideas into visual images.
• Brokeback Mountain (2005) was directed by Ang Lee.
• Rodrigo Prieto was the film’s cinematographer.","The student wants to provide an example of a film Prieto worked on. Which choice most effectively uses relevant information from the notes to accomplish this goal?","Cinematographer Rodrigo Prieto and director Ang Lee have worked together.","As cinematographer, Rodrigo Prieto works with cameras and lighting to translate the film director’s ideas into visual images.","One example of Rodrigo Prieto’s work as a cinematographer is the 2005 film Brokeback Mountain.","In filmmaking, directors work with others to translate their ideas into the visual images that we encounter on the screen.","2",""
"1","27","While researching a topic, a student has taken the following notes:
• In Greek mythology, Prometheus was the god of forethought.
• The theory that myths are exaggerated tales of actual people and events from the past is known as euhemerism.
• Euhemerism is associated with the Greek writer Euhemerus (fourth century BCE).
• Euhemerus argued that the Greek gods and goddesses were based on real people.","The student wants to connect Prometheus and Euhemerus. Which choice most effectively uses relevant information from the notes to accomplish this goal?","The theory that myths are exaggerated tales of actual people and events from the past can be applied to Prometheus, the god of forethought in Greek mythology.","Euhemerus theorized that Prometheus, an actual person from the past, was the god of forethought.","According to Euhemerus, whose theory of mythology is known as euhemerism, the mythological figure Prometheus was based on a real person.","Euhemerism gets its name from Euhemerus, who argued that the Greek gods and goddesses were based on real people.","2",""
"2","1","Weather patterns, market trends, input costs, labor availability, equipment maintenance, and biological cycles are all variables that farmers must consider separately and in terms of how they may affect each other, and it is this _______ of factors in particular that makes successful farm management so challenging.","Which choice completes the text with the most logical and precise word or phrase?","interplay","resolution","neglect","misinterpretation","0",""
"2","2","To maximize _______, package distribution centers employ advanced scheduling systems and strategic staging areas that allow for goods received from warehouses to be immediately transferred to trucks for delivery to their final destinations. Some centers are so efficient that even the largest delivery trucks can be filled in a matter of minutes.","Which choice completes the text with the most logical and precise word or phrase?","liability","overhead","staffing","throughput","3",""
"2","3","Researchers have developed algorithms that take into account how various _______ influence production schedules, allowing rapid solution generation for manufacturing planning problems. The algorithms help identify efficient production schedules by processing those quantifiable inputs (e.g., demand patterns and capacity constraints) without exhaustively testing all possible scenarios.","Which choice completes the text with the most logical and precise word or phrase?","anomalies","optimizations","parameters","predictions","2",""
"2","4","The Invisible Girl’s ability to turn invisible is illustrative of the lamentably lackluster powers bestowed on many female superheroes, but even those with more formidable powers have been subject to unflattering portrayals that often serve as _______: as the Phoenix, Jean Grey loses control of a cosmic force and destroys an entire planet, showing the corrupting influence of power.","Which choice completes the text with the most logical and precise word or phrase?","exonerations","admonitions","obfuscations","venerations","1",""
"2","5","Research on minor solar eruptions in magnetically quiet regions has revealed an interesting pattern. <u>Material expelled during these events follows a narrow arc trajectory back to the Sun’s surface.</u> High-resolution images show these eruptions produce thin streams of hot gas moving at speeds between 55 and 200 kilometers per second. Although these are impressive velocities, they are not sufficient to overcome the confining forces of the Sun’s gravity and magnetic field, so the material is pulled back down.","Which choice best describes the function of the underlined sentence in the text as a whole?","It acknowledges an exception to the pattern described in the first sentence of the text.","It describes a natural phenomenon that is explained later in the text.","It discusses a natural occurrence that leads to the consequences explained later in the text.","It presents a research finding that challenges the view mentioned in the first sentence of the text.","1",""
"2","6","In Dave Eggers’s novel The Every, protagonist Delaney Wells infiltrates a monopolistic technology company with the intention to destroy it. Instead, she becomes ensnared in its corporate ideology. <u>She even helps the company launch an app that awards points for sustainable purchases while publicly shaming users with high carbon footprints.</u> Through this satirical portrayal, Eggers drives home his central message: digital dystopia spreads not through coercion but through willing participation in technologies that promise social change but that encourage self-centered and moralizing behavior rather than collective action to bring about systemic improvements.","Which choice best describes the function of the underlined sentence in the text as a whole?","It provides a specific illustration of the point the novel’s author makes about the spread of digital dystopia.","It describes an example of a technological solution that the novel presents as environmentally conscious but that in actuality would prevent meaningful systemic change.","It explains how the protagonist’s perspective on the company evolves from sincere to cynical over the course of the novel’s plot.","It conveys how the novel’s central message is advanced through a series of increasingly satirical anecdotes.","0",""
"2","7","Text 1 is from George Eliot’s 1860 novel The Mill on the Floss. Text 2 is from Rabindranath Tagore’s 1921 nonfiction book Glimpses of Bengal.

Text 1
The wood I walk in on this mild May day, with the young yellow-brown foliage of the oaks between me and the blue sky, the white star-flowers and the blue-eyed speedwell and the ground ivy at my feet, what grove of tropic palms, what strange ferns or splendid broad-petalled blossoms, could ever thrill such deep and delicate fibres within me as this home scene?

Text 2
My feelings seem to be those of our ancient earth in the daily ecstasy of its sun-kissed life; my own consciousness seems to stream through each blade of grass, each sucking root, to rise with the sap through the trees, to break out with joyous thrills in the waving fields of corn, in the rustling palm leaves.","Which choice best describes a notable difference in how the references to palm trees function in Text 1 and Text 2?","While the narrator of Text 1 and the author of Text 2 both discuss palm trees to suggest the value of experiencing the natural world, only the narrator of Text 1 alludes to the labor that goes into cultivating real palm trees.","While palm trees form part of a series conveying the variety of the natural world in both texts, only the author of Text 2 recognizes how closely interconnected palm trees are with other plants in their environment.","While the narrator of Text 1 and the author of Text 2 both refer to metaphorical palm trees, only the narrator of Text 1 suggests that the palm trees are representative of home.","While palm trees serve to evoke natural beauty in both texts, only the author of Text 2 expresses a close sense of identification with palm trees.","3",""
"2","8","In the Mexican dialect of Spanish, the consonant s is pronounced with greater tension in the tongue than it is in Castilian, the dominant dialect in Spain, resulting in a sharper sound. Margarita Hidalgo, a linguist at San Diego State University, argues that Mexican Spanish acquired this pronunciation from Nahuatl, the language of the Nahua people in Central Mexico: as the Spanish colonizers of Mexico incorporated Nahuatl words into their speech, and as more and more Nahuas spoke Spanish as a second language, the Nahuatl pronunciation of the s consonant replaced the Castilian pronunciation.","Information in the text best supports which statement about the consonant s?","The pronunciation of this consonant in Nahuatl may have been affected by its pronunciation in Mexican Spanish.","The pronunciation of this consonant requires greater tension in the tongue in Nahuatl than in Castilian.","This consonant appears in a higher percentage of Nahuatl vocabulary than of Castilian vocabulary.","The pronunciation of this consonant is the principal difference between the Mexican and Castilian dialects of Spanish.","1",""
"2","9","Editor Jared Shurin’s enormous 2023 anthology The Big Book of Cyberpunk comprises 108 stories. Shurin’s volume is chronologically expansive, featuring such stories as James Tiptree Jr.’s “The Girl Who Was Plugged In” (1973) and Lavanya Lakshminarayan’s “Études” (2020). In his introduction, Shurin defines cyberpunk as a subgenre of speculative fiction concerning “the influence of technology on the scale, the pace, or the pattern of human affairs”; however, <u>some critics assert that cyberpunk is a literary movement that is in large part aesthetic rather than idea driven.</u>","Which quotation from a literary critic would be the most effective evidence in support of the underlined claim?","“Not all the stories anthologized in The Big Book of Cyberpunk were first published as stand-alone short stories in magazines or journals: for example, qntm’s 2021 story ‘Lena’ was originally self-published on the author’s site qntm.org.”","“The stories in The Big Book of Cyberpunk share a number of common themes indicative of cyberpunk as a whole: body modification; resistance to authority; the ways in which technological advancements alter human behavior.”","“Shurin’s characterization of cyberpunk is remarkably generous: it is a categorization that might well serve for the entire field of science fiction in general, rather than cyberpunk in particular.”","“A key component of cyberpunk that differentiates it from other subgenres of science fiction is an affection for the totems of 1980s pop culture, such as the mirrored sunglasses that were then popular.”","3",""
"2","10","**T-values and P-values for the Relationship between Recording Position and Change in Song Characteristics**

| Song characteristic | T-value | P-value |
| --- | --- | --- |
| Change in peak frequency (Hz) | −1.0 | 0.4 |
| Change in song rate (songs/min) | −2.2 | 0.03 |
| Change in song duration (s) | −3.2 | 0.002 |

Erin Grabarczyk and Sharon Gill analyzed changes in house wrens’ song characteristics following playback of serialized recordings mimicking environmental noise. Because recordings earlier in a series may have carryover effects that influence vocal responses to later recordings, the effects of a recording’s position within a series on changes in song characteristics were also evaluated. Larger absolute t-values indicate stronger evidence that song characteristics change systematically with recording position (negative t-values show that characteristics decreased), while p-values below 0.05 suggest that the effects of recording position on song characteristics are statistically significant. The researchers concluded that the possibility of carryover effects cannot be excluded, given that","Which choice most effectively uses data from the table to complete the text?","vocal responses to later recordings were on average 3.2 seconds longer than responses to earlier recordings, a change that was statistically significant.","later recordings had a more significant effect on change in peak frequency than on change in song duration, as shown by p-values of 0.4 and 0.002, respectively.","vocal responses were likely affected by extraneous factors in addition to the position of recordings, as shown by the wider range of t-values relative to the narrower range of p-values.","the position of recordings had a significant effect on change in song rate and change in song duration, as shown by p-values of 0.03 and 0.002, respectively.","3",""
"2","11","The 2021 poetry collection Double Trio continues Nathaniel Mackey’s “long song,” a sprawling work that consists of a pair of serialized poems called Song of the Andoumboulou and Mu, whose joint publication spans multiple installments over several decades. In this long song, Mackey actualizes what he calls “discrepant engagement,” a compositional strategy that involves continuously revising and remixing diverse cultural references to illuminate the complex interconnectedness of global cultures. <u>Mackey’s long song’s open-endedness is essential to the way it manifests discrepant engagement—that is, the work’s associative logic and resistance to linear narrative prevent readers from imposing a definitive and coherent interpretation on its presentation of world cultures.</u>","Which quotation from a literary scholar would most directly support the underlined claim?","“Seriality in Mackey’s long song operates recursively, meaning that, in combination with the work’s marshaling of an eclectic array of cultural allusions, it endlessly reiterates and recontextualizes the same archetypal images and narrative incidents, uncovering in these elements new and unexpected meanings with each repetition.”","“The intellectual scope of Mackey’s work is capacious, drawing on such wide-ranging cultural influences as the traditional stories of the Dogon people of West Africa, philosophical schools of the ancient Mediterranean, the history of the African diaspora, quantum mechanics, modernist poetry, and experimental jazz music.”","“Though nominally an epic whose band of wandering travelers evoke the ancient Greek epic hero Odysseus, unlike traditional Western epics, which often conclude with the hero’s return home, Mackey’s long song possesses an open-endedness that renders the final homecoming elusive.”","“Though at the outset of his project Mackey conceived of Song of the Andoumboulou and Mu as two discrete series, in the preface of 2006’s Splay Anthem, Mackey indicates that their seriality eventually enabled his realization that they were in fact two facets of a single work.”","0",""
"2","12","**Highest Major Summits in India**

| Summit | Elevation (meters) | Mountain range | Prominence (meters) |
| --- | --- | --- | --- |
| Rimo I | 7,385 | Rimo Karakoram | 1,438 |
| Nanda Devi | 7,816 | Himalayas | 3,139 |
| Panchchuli II | 6,904 | Garhwal Himalaya | 1,614 |
| Saser Kangri I / K22 | 7,672 | Saser Karakoram | 2,304 |
| Langpo | 6,965 | Sikkim Himalaya | 560 |

Mountain summits are often described in terms of their elevation, or height above sea level. But a summit’s elevation may not be as good an indication of how high the mountain appears to observers as is the summit’s prominence, or its height above its surroundings, and these values can differ significantly. For example, the Indian mountain of","Which choice most effectively uses data from the table to complete the example?","Saser Kangri I / K22 has an elevation of 7,672 meters and is considered the highest mountain from the Saser Karakoram range.","Nanda Devi has a much higher prominence than does Langpo.","Nanda Devi has a high prominence but is from a different mountain range than Rimo I, which has a lower prominence.","Nanda Devi has an elevation of 7,816 meters but a considerably lower prominence of 3,139 meters.","3",""
"2","13","Whereas Charles B. Ferster’s 1957 study of a captive chimpanzee reported more right-handedness than left-handedness, William C. McGrew and colleagues’ 1999 study of wild chimpanzees did not. According to a meta-analysis of studies of non-human primates, captive populations are more likely to be described as right-handed than wild populations are. Statistical analysis indicates a handedness study would need a minimum of 176 individuals to show a representative result; however, the study by Ferster included a total population of 1, and the study by McGrew and colleagues included a total population of 13. This suggests that","Which choice most logically completes the text?","the study by Ferster reliably represents handedness in captive primates but not in wild primates.","neither the study by Ferster nor the study by McGrew and colleagues provides sufficient evidence to make a meaningful comparison about handedness in primates.","the study by Ferster reliably represents handedness in captive primates, but the study by McGrew and colleagues likely does not reliably represent handedness in wild primates.","McGrew and colleagues likely underestimated the prevalence of right-handedness among the wild chimpanzees in the study.","1",""
"2","14","While the brain regions most strongly associated with language tasks have some modularity in that different language tasks activate these areas to varying degrees, comprehension also invokes other areas of the brain more strongly associated with nonlinguistic functions. For example, understanding a description of a person performing physical actions might call on parts of the listener’s brain associated with sensory-motor functions, whereas a highly emotive account will likely activate areas associated with affective processing. Thus, beyond the areas most strongly associated with linguistic functions,","Which choice most logically completes the text?","the brain regions associated with sensory-motor functions are often involved in general comprehension, even in contexts that don’t involve descriptions of physical movement.","the specific combination of brain regions involved in comprehending speech is likely contingent on the total context in which the speech is embedded.","the areas of the brain that activate when processing speech will typically include areas primarily responsible for nonlinguistic functions, although the exact combination of areas may be impossible to determine.","the brain regions most strongly associated with affective processing activate whenever a listener believes an utterance has emotional connotations, even if the speaker did not intend those connotations.","1",""
"2","15","Rare species advantage (RSA) describes the situation in which there are few conspecifics (other members of the same species) in an organism’s immediate surroundings, enabling the organism to avoid competition with conspecifics for the same resources; RSA is widely believed to play a crucial role in maintaining ecological stability. Among tree species in the Xishuangbanna rainforest plot (latitude 21.61° N) and other tropical forest sites, there is little correlation between conspecific aggregation and the abundance of a given species in the wider local area, so RSA is expected, but in the Harvard Forest (latitude 42.54° N) and other temperate forest sites, the aggregation-abundance correlation for tree species is strongly negative. Mathematical modeling suggests, however, that niche distinction may mitigate the apparent risk to temperate ecological stability engendered by this pattern:","Which choice most logically completes the text?","as a tree species in temperate forests becomes more abundant, individuals of that species are more likely to be found near conspecifics, enabling abundant species to exploit localized resources to a greater extent than rare species can.","while an increase in abundance in one tree species often leads to a reduction in abundance of nearby species, temperate tree species tend to play different roles in the same ecosystem, reducing the expected effect of abundance on aggregation.","although rare tree species in temperate forests encounter relatively high local competition from conspecifics, they can thrive by exploiting resources that are under-exploited by other local species.","even though rare tree species in temperate forests tend to cluster with conspecifics more than rare tree species in tropical forests do, they are sufficiently rare locally that they benefit from RSA more than rare tropical species do.","2",""
"2","16","Extensive radiocarbon dating of reed samples from Caral confirmed Ruth Shady Solís’s hypothesis about the Peruvian site’s _______ nearly 5,000 years ago, the ancient city preceded the Olmec civilization to the north by a full millennium, a revelation that fundamentally altered our understanding of urban development in the Western Hemisphere.","Which choice completes the text so that it conforms to the conventions of Standard English?","age and built","age, built","age: built","age built","2",""
"2","17","Chemists investigating the properties of coal tar in the mid-nineteenth century discovered compounds that led to the creation of vibrant artificial colorants. Commercial applications of this new synthetic dye technology—beginning with the purple dye called mauve, discovered by William Perkin in 1856—_______ responsible for launching what one science historian calls a “manufacturing revolution based on chemistry.”","Which choice completes the text so that it conforms to the conventions of Standard English?","is","has been","was","were","3",""
"2","18","The statement “all cats have whiskers” is scientific because it could be proved false by a single observation to the contrary, according to Karl Popper. Popper’s theory _______ that scientific hypotheses must be refutable, termed the criterion of falsifiability, rejects the confirmationist position that uses verifiability as the standard for scientific hypotheses.","Which choice completes the text so that it conforms to the conventions of Standard English?","dictates","dictating","dictated","was dictating","1",""
"2","19","During a recent investigation, archaeologists _______ an explanation for the consistent and seemingly deliberate placement of petroglyphs (rock carvings) near water analyzed several sites on Caribbean islands. They discovered that many of the pools near petroglyphs had consistent water levels year-round, creating perfect reflecting surfaces for the carved symbols on the rocks.","Which choice completes the text so that it conforms to the conventions of Standard English?","seeking","had sought","sought","were seeking","0",""
"2","20","For his mash-up “Smells Like Rockin’ Robin,” DJ Mark Vidler layered Kurt Cobain’s minor-key vocals from “Smells Like Teen Spirit” over the Jackson 5’s major-key blues progression from “Rockin’ _______ by inserting the grunge singer’s vocals as pitch-shifted “blue notes” within the pop-soul group’s harmonic framework, creates an intensified “bluesy” feeling and subverts the expectations of listeners familiar with either musical source.","Which choice completes the text so that it conforms to the conventions of Standard English?","Robin,” a technique that","Robin.” A technique that","Robin”—a technique that,","Robin”; a technique that,","2",""
"2","21","Named for the year in which it was detected by American astronomers, SN 2008D was a supernova (the explosion of a massive _______ in the constellation Lynx, 88 million light-years from Earth, the transient yet powerful blast propelled particles and debris into space at extremely high speeds.","Which choice completes the text so that it conforms to the conventions of Standard English?","star). Occurring","star), occurring","star) and occurring","star) occurring","0",""
"2","22","The Hornbostel-Sachs system classifies musical instruments by how they produce sound. For example, an instrument that is popular in Myanmar called the saung-gauk produces sound primarily through the vibration of its strings. _______ under the Hornbostel-Sachs system, the saung-gauk is a chordophone.","Which choice completes the text with the most logical transition?","Thus,","Furthermore,","Instead,","Similarly,","0",""
"2","23","Generally, sleek vehicles are more aerodynamic than bulkier ones. The streamlined nose of the Northrop F-5 jet, _______ helps it glide through wind with relative ease, while a boxy semitruck encounters more wind resistance, making it less aerodynamic.","Which choice completes the text with the most logical transition?","however,","for example,","meanwhile,","additionally,","1",""
"2","24","Japanese conceptual artist On Kawara focused his artistic career on recording the passage of time in simple ways. For example, MAY 22, 1979 is one of over three thousand paintings by Kawara on which he recorded the date in bold white strokes on a monochrome background. _______ I Got Up at 8.18 A.M., Jun 22 1977 is one of a series of postcards—this one of New York City’s Greenwich Village—that Kawara titled after the postcard’s message, which informed a friend of when Kawara got up that day.","Which choice completes the text with the most logical transition?","In fact,","Similarly,","Regardless,","First of all,","1",""
"2","25","On August 22, 1928, US Olympians received a ticker-tape parade in New York City in recognition of their participation in the 1928 Olympic Games. Of the 206 ticker-tape parades held between 1886 and 2022, a number were for achievements in sports. _______ the 1928 Olympians’ parade was just one of 7 honoring Olympic athletes.","Which choice completes the text with the most logical transition?","In addition,","Indeed,","Therefore,","Nevertheless,","1",""
"2","26","While researching a topic, a student has taken the following notes:
• Hyde Park is a 1931 color linocut print by Canadian artist Sybil Andrews.
• It depicts a tranquil, everyday scene (a spring day in a city park).
• ¡Sera toda nuestra! (“It will all be ours!”) is a 1977 color linocut print by Mexican American artist Carlos Cortéz.
• It features a scene with an explicitly political point of view (a group of laborers preparing to go on strike).
• Relief printing is a technique in which an image is carved onto a printing block, covered in ink or paint, and stamped onto paper.
• Lino cutting is a type of relief printing that uses linoleum tile as the printing block.","The student wants to contrast the subject matter of the two prints. Which choice most effectively uses relevant information from the notes to accomplish this goal?","The scenes depicted in both works were first carved onto a printing block, then stamped onto paper; however, one work is a linocut, while the other is a relief print.","The print by Cortéz is a color linocut; by contrast, Andrews’s is a relief print.","Andrews made Hyde Park in 1931, while Cortéz made ¡Sera toda nuestra! (“It will all be ours!”) later, in 1977.","Cortéz’s print expresses an explicitly political point of view, while Andrews’s depicts a tranquil, everyday scene.","3",""
"2","27","While researching a topic, a student has taken the following notes:
• Enhanced rock weathering (ERW) is a method of spreading crushed basalt on farmland to capture carbon dioxide (CO2) and improve soil health.
• ERW increases crop yields and removes harmful CO2 from the air.
• ERW offers a low-cost, low-tech alternative to expensive, energy-intensive carbon capture methods.
• The CO2 captured by ERW becomes stable bicarbonate in soil water, which eventually streams into the ocean to remain safely stored for hundreds of years.
• ERW can improve rural economies by reducing farmers’ need for fertilizers and increasing their earnings from carbon credits.","The student wants to explain why ERW is a superior method for capturing CO2. Which choice most effectively uses relevant information from the notes to accomplish this goal?","ERW improves soil health and helps farmers increase their income from selling carbon credits.","ERW removes CO2 from the air in a way that is both low-cost and low-tech.","ERW is a method of spreading crushed basalt on farmland to capture CO2, improving rural economies.","The CO2 captured by ERW becomes stable bicarbonate, which improves soil health by remaining in the ocean for hundreds of years.","1",""