"module","question_number","passage","prompt","option_a","option_b","option_c","option_d","correct_answer","image_url"
"1","1","The following text is from Mark Twain's 1876 novel The Adventures of Tom Sawyer. Tom, a child, has been told by his aunt to paint their house's fence.

Tom appeared on the sidewalk with a bucket of whitewash and a long-handled brush. He surveyed the fence, and all gladness left him and a deep melancholy settled down upon his spirit. Thirty yards of board fence nine feet high.","As used in the text, what does the word “surveyed” most nearly mean?","Praised","Organized","Examined","Converted","1",""
"1","2","The influence of William Shakespeare's writings is clear in a vast range of subsequent literary works and is similarly ______ in many works in other media, from fine art (such as Edward Alcock's painting Portia and Shylock) to popular music (such as the musician Elvis Costello's song “Miss Macbeth”).","Which choice completes the text with the most logical and precise word or phrase?","subtle","apparent","unusual","excessive","1",""
"1","3","The Apollo Moon landings (1969–1972) brought charged particle detectors and temperature probes to the Moon and produced large amounts of data, much of which was stored on technologies that are now obsolete. A data-transfer project is working to ______ these data so that the information is available to researcher Seichi Nagihara, who is investigating temperature changes on the Moon.","Which choice completes the text with the most logical and precise word or phrase?","improve","simplify","amend","salvage","1",""
"1","4","The following text is adapted from the 1895 poem “Ojistoh” by Emily Pauline Johnson, a Kanienkahagen (Mohawk) writer also known as Tekahionwake.

I am Ojistoh, I am she, the wife

Of him whose name breathes bravery and life

And courage to the tribe who calls him chief.

I am Ojistoh, his white star, and he

Is land, and lake, and sky—and soul to me.","As used in the text, what does the word “breathes” most nearly mean?","Imparts","Renounces","Assents","Absorbs","1",""
"1","5","Mastering 'ajami, a Syrian art of creating intricately painted wood panels, demands a skill set that____innate talent: crafting the panels requires not just the ability to draw but also an understanding of traditional techniques, materials, and design elements, necessitating expertise gained through dedicated guidance from experienced artisans.","Which choice completes the text with the most logical and precise word or phrase?","restrains","replicates","characterizes","transcends","1",""
"1","6","In factories, humans and robots often work together. A research team ran an experiment to find out how working with robots affects relationships between human coworkers. The experiment included teams working together to make electric motor parts. One type of team included only humans and the other type included both humans and robots. Participants were paid for their work and were asked about their willingness to share their earnings with their human teammates. Participants from teams with robots were more likely to share with each other than participants from teams with only humans were.","Which choice best describes the function of the underlined sentence in the text as a whole?","It states the results of the experiment discussed in the text.","It indicates the question that the study discussed in the text was meant to answer.","It explains an important part of the design of the experiment discussed in the text.","It illustrates a problem that inspired the study discussed in the text.","1",""
"1","7","Steve Carter’s award-winning play Eden was produced in 1976 by the groundbreaking Negro Ensemble Company (NEC). NEC cofounder Douglas Turner Ward, who worked as an actor, director, and playwright, had met actor and producer Robert Hooks while they were performing in a 1960 touring production of Lorraine Hansberry’s play A Raisin in the Sun. Together, they envisioned a theater company that would nurture and showcase the work of Black theater professionals. Since NEC’s founding in 1967, its workshops and performances have given Black playwrights, including Carter, a forum for their compelling stories.","Which choice best describes the function of the underlined sentence in the text as a whole?","It illustrates the widespread influence of a play discussed earlier in the text.","It provides additional information about a person mentioned in the text.","It emphasizes the ongoing significance of the theater company discussed in the text.","It explains the circumstances that led to the formation of the theater company discussed in the text.","1",""
"1","8","Despite potential independent confirmation, the apparent detection in 2020 of phosphine (PH₃)—a gas that on Earth almost exclusively derives from biological sources—in Venus’s cloud deck remains controversial, in part because Venus is thought to be uninhabitable. To evaluate such a finding’s plausibility, William Bains et al. modeled multiple abiotic PH₃ pathways, including geochemical, atmospheric, and photochemical reactions, but none adequately explain the observed levels of PH₃. If Venusian PH₃ does exist, it would indicate insufficiencies in the current consensus on Venus’s chemistry.","Which choice best describes the overall structure of the text?","It introduces an unexpected observation of a particular gas in Venus’s atmosphere, presents an effort to investigate possible mechanisms that could explain that observation, and then notes an implication of that investigation’s findings.","It explains why the consensus view of a particular gas in Venus’s atmosphere has recently become controversial, expands on a scientific team’s reasons for questioning that consensus, and then suggests that future observations of Venus’s atmosphere will likely be needed to settle the controversy.","It compares the levels of a particular gas on Venus and Earth, sketches the chemical processes that account for differences in these levels, and then addresses some of the practical challenges of studying the presence of this gas on Venus more closely.","It outlines recent efforts to confirm the presence of a particular gas in Venus’s atmosphere, summarizes a research team’s evaluations of those efforts’ methodological shortcomings, and then explains why that team remains skeptical of the gas’s future detection.","1",""
"1","9","Given the immense scope of space, the search for extraterrestrial life is almost necessarily concentrated on the exoplanets deemed to have the most plausible chance of success—typically, atmosphere-bearing terrestrial planets orbiting within a certain range of their stars (termed the habitable zone). Claiming that Earth experienced a long transition from single-lid to plate tectonics that accelerated the emergence and evolution of complex organisms, researchers Robert J. Stern and Taras V. Gerya hold that consideration of tectonics, an often overlooked factor, could help further narrow the search for advanced extraterrestrial species.","Based on the text, what do Stern and Gerya most likely believe about the development of complex life on exoplanets?","It is more likely to occur on habitable zone planets with atmospheres and plate tectonics than on otherwise similar planets that lack plate tectonics.","It is more likely to occur if habitable zone planets with atmospheres transition from single-lid to plate tectonics late in their history than if they transition early in their history.","It is probably more dependent on the presence of plate tectonics than on orbital distance from a host star or the presence of an atmosphere.","It is unlikely unless the transition from single-lid to plate tectonics occurs before the acquisition of a lasting atmosphere.","1",""
"1","10","Quality assessments of concrete typically focus almost exclusively on compressive strength as a measure of durability, overlooking other potentially relevant factors. Licsa Ptacek et al. therefore investigated the potential of gas permeability (vulnerability to incursion by gases), which is caused in part by excessive porosity, as a durability indicator. Their measurements and observations revealed that quality of conditions during the concrete curing phase negatively correlates with gas permeability and that high gas permeability values are associated with increased deterioration as concrete surfaces age.","Information in the text best supports which statement about Ptacek et al.’s findings?","They suggest that gas permeability testing presents a more reliable indication of concrete durability than compressive strength testing does.","They bolster the claim that concrete’s susceptibility to damage decreases as its gas permeability increases.","They call into question the idea that quality of curing conditions directly affects concrete gas permeability but is unrelated to compressive strength.","They indicate that evaluation of gas permeability is an appropriate addition to concrete quality assessment procedures.","1",""
"1","11","The Wonderful Wizard of Oz is a 1900 novel by L. Frank Baum. In the novel, Dorothy, who is from Kansas, finds herself in an unfamiliar place called Oz. Kansas is presented as being less appealing than Oz, as is clear when ______.","Which quotation from The Wonderful Wizard of Oz most effectively illustrates the claim?","a character says to Dorothy, “I cannot understand why you should wish to leave this beautiful country and go back to the dry, gray place you call Kansas.”","a character says to others, “But it will take more than imagination to carry Dorothy back to Kansas, and I’m sure I don’t know how it can be done.”","the narrator states, “Dorothy did not feel nearly so bad as you might think a little girl would who had been suddenly whisked away from her own country and set down in the midst of a strange land.”","the narrator states, “Before them was a great stretch of country having a floor as smooth and shining and white as the bottom of a big platter.”","1",""
"1","12","<table class=""passage-table"" border=""1"" style=""border-collapse: collapse; width: 100%; margin-bottom: 15px;""><tr><th style=""border: 1px solid #cbd5e1; padding: 8px; background-color: #f8fafc; font-weight: bold; text-align: left;"">Month</th><th style=""border: 1px solid #cbd5e1; padding: 8px; background-color: #f8fafc; font-weight: bold; text-align: left;"">Average high (°F)</th><th style=""border: 1px solid #cbd5e1; padding: 8px; background-color: #f8fafc; font-weight: bold; text-align: left;"">Average low (°F)</th><th style=""border: 1px solid #cbd5e1; padding: 8px; background-color: #f8fafc; font-weight: bold; text-align: left;"">Average male wing centroid size (mm)</th><th style=""border: 1px solid #cbd5e1; padding: 8px; background-color: #f8fafc; font-weight: bold; text-align: left;"">Average female wing centroid size (mm)</th></tr><tr><td style=""border: 1px solid #cbd5e1; padding: 8px; text-align: left;"">October</td><td style=""border: 1px solid #cbd5e1; padding: 8px; text-align: left;"">67</td><td style=""border: 1px solid #cbd5e1; padding: 8px; text-align: left;"">44</td><td style=""border: 1px solid #cbd5e1; padding: 8px; text-align: left;"">1.98</td><td style=""border: 1px solid #cbd5e1; padding: 8px; text-align: left;"">2.29</td></tr><tr><td style=""border: 1px solid #cbd5e1; padding: 8px; text-align: left;"">July</td><td style=""border: 1px solid #cbd5e1; padding: 8px; text-align: left;"">87</td><td style=""border: 1px solid #cbd5e1; padding: 8px; text-align: left;"">62</td><td style=""border: 1px solid #cbd5e1; padding: 8px; text-align: left;"">2.02</td><td style=""border: 1px solid #cbd5e1; padding: 8px; text-align: left;"">2.31</td></tr><tr><td style=""border: 1px solid #cbd5e1; padding: 8px; text-align: left;"">June</td><td style=""border: 1px solid #cbd5e1; padding: 8px; text-align: left;"">80</td><td style=""border: 1px solid #cbd5e1; padding: 8px; text-align: left;"">56</td><td style=""border: 1px solid #cbd5e1; padding: 8px; text-align: left;"">2.01</td><td style=""border: 1px solid #cbd5e1; padding: 8px; text-align: left;"">2.31</td></tr><tr><td style=""border: 1px solid #cbd5e1; padding: 8px; text-align: left;"">May</td><td style=""border: 1px solid #cbd5e1; padding: 8px; text-align: left;"">73</td><td style=""border: 1px solid #cbd5e1; padding: 8px; text-align: left;"">50</td><td style=""border: 1px solid #cbd5e1; padding: 8px; text-align: left;"">1.98</td><td style=""border: 1px solid #cbd5e1; padding: 8px; text-align: left;"">2.27</td></tr></table>

Drosophila (fruit flies) have generation times of 10–12 days, so seasonal changes in humidity and other environmental conditions can drive seasonal fluctuations in chromosome rearrangements in species such as D. persimilis and D. mediopunctata. Drosophila body size (for which wing centroid size serves as a proxy measure) correlates with life span. Banu Sebnem Önder and Cansu Fidan Aksoy measured the wing sizes of members of a D. melanogaster population in Yesilöz, Turkey, that were collected monthly between May and October over three years. Their research suggests that Drosophila collected in relatively cooler months should tend to have a shorter life span, as is illustrated by the finding that ______.","Which choice most effectively uses data from the table to complete the assertion?","the average female wing centroid size was smaller in May than in June.","the average male wing centroid size was consistently smaller than the average female wing centroid size in all four months in the table.","the average monthly low temperature was lower in May than in June.","the average male wing centroid size was 1.98 mm in May but was 2.31 mm in July.","1",""
"1","13","Rafael Núñez and colleagues studied how members of the Yupno, an Indigenous group in Papua New Guinea, conceptualize time in both spoken language and gestures. The researchers recorded Yupno speakers explaining certain temporal words and phrases, such as jare, a past-oriented expression that translates to “day before yesterday,” and coded each speaker’s manual gestures. Previous research has found a tendency in many cultures to make temporal distinctions along imagined linear axes: for instance, Hebrew speakers often refer to the right/left axis to describe events in time. Some researchers believe this tendency is universal, but Núñez and colleagues claim this is not the case.","Which finding, if true, would most directly support Núñez and colleagues’ claim?","Yupno speakers typically use their left hand to make temporal gestures regardless of whether the gestures are past oriented or future oriented.","Future-oriented gestures used by Yupno speakers do not, on average, point in the opposite linear direction of past-oriented gestures.","Some Yupno grammatical structures used when talking about time are also used in Hebrew.","Yupno speakers were observed making temporal gestures both indoors and outdoors, though with greater frequency when indoors.","1",""
"1","14","The Man–Made World: Or, Our Androcentric Culture is a 1911 nonfiction work by Charlotte Perkins Gilman. In the text, the author emphasizes the importance of cultivating individuals rather than comparing them: ______.","Which quotation from The Man–Made World: Or, Our Androcentric Culture most effectively illustrates the claim?","“That every child on earth shall have right conditions to make the best growth possible to it; that every citizen, from birth to death, shall have a chance to learn all he or she can, to develop every power that is in them.”","“We do not sadly measure the cabbage–stalk by the corn–stalk, and praise the corn for getting ahead of the cabbage—nor incite the cabbage to imitate the corn. We nourish both, to its best growth—and are the richer.”","“We have but to learn the real elements in humanity; its true powers and natural characteristics.”","“We are now to consider the growth of the family in humanity.”","1",""
"1","15","Zooarchaeologist Ophélie Lebrasseur and her team examined a fox skeleton discovered in 1991 at an archaeological site alongside artifacts of human habitation (like spear points) in central Argentina. Lebrasseur et al. determined that the fox was Dusicyon avus, an extinct species resembling a jackal, and radiocarbon dating placed the fox at the site at the same time as human inhabitants. (Indeed, the inhabitants may have deliberately buried the fox.) In addition, while wild foxes have a diet entirely made of meat, isotopic signatures of the skeleton’s teeth indicated that the fox's diet, like that of the humans, was partly composed of plant material. Lebrasseur et al. therefore concluded that ______.","Which choice most logically completes the text?","the humans who were alive at the same time as the fox most likely ate more meat than the fox did.","the fox had a diet more similar to that of jackals than to that of wild foxes.","the humans who were alive at the same time as the fox hunted using the spears whose points were also found at the site.","the fox may have been a companion animal of the humans who inhabited the site at the same time.","1",""
"1","16","In the nineteenth century, Elizabeth Cady Stanton and Susan B. Anthony ______ for women’s right to vote in the United States.","Which choice completes the text so that it conforms to the conventions of Standard English?","having campaigned","campaigned","campaigning","to campaign","1",""
"1","17","While conducting an interview for her book Latina Authors and Their Muses, editor Mayra Calvani asked Sarah Cortez, author of the memoir Walking Home, what ______ Cortez's response was Bury Me Deep by Megan Abbott.","Which choice completes the text so that it conforms to the conventions of Standard English?","her favorite book was.","was her favorite book?","her favorite book was?","was her favorite book!","1",""
"1","18","Choreographers George Balanchine and Martha Graham both contributed sections to the dance piece Episodes, which premiered at New York’s City Center of Music and Drama in 1959. This cross-genre collaboration brought together the distinct features of Balanchine’s neoclassical ballet and Graham’s modern ______ the stylistic diversity and creative innovation within the dance world.","Which choice completes the text so that it conforms to the conventions of Standard English?","dance, it showcased","dance. Which showcased","dance, showcasing","dance. Showcasing","1",""
"1","19","In the book A Theory of Harmony (1985), Swiss musicologist Ernst Levy argued that every chord has an opposite that can be substituted for it. For example, a pianist could replace the vi chord for the III chord while ______ chord is a given chord's opposite can be determined using a music visualization tool called the circle of fifths.","Which choice completes the text so that it conforms to the conventions of Standard English?","improvising which","improvising and which","improvising. Which","improvising, which","1",""
"1","20","In her Silueta sculpture series, the Cuban American artist Ana ______ to access what she called an “omnipresent female force,” utilized a variety of natural materials to create outlines—or silhouettes—of her own body.","Which choice completes the text so that it conforms to the conventions of Standard English?","Mendieta was hoping","Mendieta hoped","Mendieta had hoped","Mendieta, hoping","1",""
"1","21","As volcanologists like Tamsin Mather are apt to make clear, not all volcanoes are the same. Tendürek in Turkey, for example, is a shield volcano, a type of volcano named for its low profile, resembling a warrior's shield lying on the ground. Opala in Russia, ______ is a caldera, a large cauldron-like hollow that forms shortly after the emptying of a magma chamber in a volcanic eruption.","Which choice completes the text with the most logical transition?","in any case,","in contrast,","in conclusion,","in fact,","1",""
"1","22","The United Nations’ Trade and Development organization divides exports into five key categories: food items, agricultural materials, fuels, ores and raw metals, and manufactured goods (i.e., most nonfood goods made by machinery or by hand). In 2022, the majority (62 percent) of Belgium's exports were manufactured goods. ______ vaccines, medicines, and cars were its top exports.","Which choice completes the text with the most logical transition?","In a broader sense,","Within this category,","In the future,","Despite this majority,","1",""
"1","23","A research team led by Gal Badihi has discovered that chimpanzees communicate through exchanges of gestures occurring at a pace similar to that of human conversations. ______ chimpanzee gesture exchanges have short pauses of about 120 milliseconds between communications, comparable to the 200-millisecond average pause between turns in human speech.","Which choice completes the text with the most logical transition?","Specifically,","As a result,","By contrast,","Nevertheless,","1",""
"1","24","While researching a topic, a student has taken the following notes:

The Great Salt Lake in Utah is one of the world's saltiest bodies of water.

The northern portion of the lake has a higher concentration of salt than the southern portion.

Aquatic insects called Ephydra cinerea live in the southern portion.

Bacteria called Nodularia live in the southern portion.","The student wants to emphasize a difference between Ephydra cinerea and Nodularia. Which choice most effectively uses relevant information from the notes to accomplish this goal?","Ephydra cinerea and Nodularia are different types of organisms: Ephydra cinerea are aquatic insects, whereas Nodularia are bacteria.","The northern portion of the Great Salt Lake has a higher concentration of salt than does the southern portion.","Ephydra cinerea and Nodularia both live in the Great Salt Lake's southern portion.","Ephydra cinerea are aquatic insects that live in the southern portion of the Great Salt Lake.","1",""
"1","25","While researching a topic, a student has taken the following notes:

Extravehicular activities (EVAs) are activities performed outside a spacecraft by astronauts in outer space.

EVAs are also known as spacewalks.

Richard Mastracchio is a former US astronaut who has performed 9 spacewalks.

The total time of Mastracchio's spacewalks was 53 hours and 4 minutes.

Garrett Reisman is a former US astronaut who has performed 3 spacewalks.

The total time of Reisman's spacewalks was 21 hours and 21 minutes.","The student wants to emphasize a similarity between the astronauts Mastracchio and Reisman. Which choice most effectively uses relevant information from the notes to accomplish this goal?","Reisman has spent less time performing spacewalks than Mastracchio has.","EVAs, also known as spacewalks, are activities done by astronauts outside a spacecraft.","Mastracchio and Reisman have each performed multiple spacewalks.","Mastracchio has performed spacewalks, but Reisman has performed EVAs.","1",""
"1","26","While researching a topic, a student has taken the following notes:

The Tijuana Slough National Wildlife Refuge (NWR) is a protected natural area in California.

It encompasses 1,023 acres.

The Tijuana Slough NWR was established to safeguard the habitat of the light-footed clapper rail, an endangered species.

The Tijuana Slough NWR is managed by the US Fish & Wildlife Service.

The US Fish & Wildlife Service limits human activities in the area.","The student wants to emphasize the role the US Fish & Wildlife Service plays in safeguarding the habitat of the light-footed clapper rail. Which choice most effectively uses relevant information from the notes to accomplish this goal?","By limiting human activities in the Tijuana Slough NWR, the US Fish & Wildlife Service safeguards the habitat of the light-footed clapper rail.","Human activities are limited in the Tijuana Slough NWR, a protected natural area in California.","Home to the light-footed clapper rail, the Tijuana Slough NWR is located in California, where it encompasses 1,023 acres.","The 1,023-acre Tijuana Slough NWR was established to safeguard the habitat of the light-footed clapper rail, an endangered species.","1",""
"1","27","While researching a topic, a student has taken the following notes:

The cuneiform script is the earliest known set of symbols used for writing.

Sumerian was one of the first languages to be written using the cuneiform script.

Sumerian was a language in ancient Mesopotamia (present-day Iraq).

Clay tablets with Sumerian writing have been found there.

Some of these tablets are almost 5,000 years old.","The student wants to identify a language that was written using the cuneiform script. Which choice most effectively uses relevant information from the notes to accomplish this goal?","Examples of Mesopotamian writing that are nearly 5,000 years old have been found.","A language in ancient Mesopotamia used the cuneiform script for writing.","Clay tablets with cuneiform script have been found in present-day Iraq.","Sumerian, an ancient Mesopotamian language, was written using the cuneiform script.","1",""
"2","1","Zygomorphic (bilaterally symmetric) flowers remain open and functional on average 1.1 days longer than actinomorphic (radially symmetric) flowers do. Ruby E. Stephens and colleagues claim that this extended period could be ______ the relatively small pool of potential pollinators available to zygomorphic flowers and the greater chance at successful pollination that remaining open affords them.","Which choice completes the text with the most logical and precise word or phrase?","analogous to","magnified by","converted by","attributed to","1",""
"2","2","The following text is from Charles Dickens’s 1861 novel Great Expectations. The narrator is taking a walk near his home on a damp morning.

On every rail and gate, wet lay clammy, and the marsh mist was so thick, that the wooden finger on the post directing people to our village—a direction which they never accepted, for they never came there—was invisible to me until I was quite close under it.","As used in the text, what does the word “accepted” most nearly mean?","Shifted","Approved","Authorized","Followed","1",""
"2","3","Analysis of preserved plants cataloged in the United States Virtual Herbarium indicates that rising temperatures correlate with earlier leaf production, but such specimens represent only brief moments in plants’ overall development. ______ this research with studies involving live plants would enable a fuller understanding of how these observed changes affect plant fitness.","Which choice completes the text with the most logical and precise word or phrase?","Foregrounding","Categorizing","Anticipating","Complementing","1",""
"2","4","Although Mistress and Maid, which depicts two women perusing a letter, is atypical of Johannes Vermeer’s genre paintings (scenes of everyday life) in that its subjects are set against a plain background instead of—as in Woman with a Pearl Necklace—a richly detailed one, the painting nonetheless ______ many signature traits of Vermeer’s art, including realistic rendering of natural light.","Which choice completes the text with the most logical and precise word or phrase?","evinces","repudiates","predates","eschews","1",""
"2","5","Technological advances have prompted companies to increasingly rely on automation to streamline production. Armin Granulo and colleagues, however, found that for products with higher symbolic value (those viewed as contributing to individual self-expression), consumers prefer products made by humans rather than by robots, likely because human-made products are more strongly associated with uniqueness. When considering automation, therefore, companies—especially those specializing in products of symbolic value—should weigh trade-offs between efficiency gains and consumer preferences.","Which choice best describes the function of the underlined sentence in the text as a whole?","It refers to a finding presented in the previous sentence to recommend that companies that value product quality reconsider automating their production processes.","It emphasizes that a research finding discussed in the text has practical implications that are particularly relevant for businesses making a certain class of product.","It presents evidence supporting the text’s argument that consumers prefer products with high symbolic value over products with low symbolic value.","It illustrates the need for additional research to evaluate the claim in the previous sentence that automation affects how consumers evaluate products","1",""
"2","6","The following text is from Yung Wing’s 1909 memoir My Life in China and America. Yung Wing was the first person from China to graduate from a US university.

Little did I realize when in 1845 I wrote, while in the Morrison school, a composition on “An Imaginary Voyage to New York and up the Hudson,” that I was to see New York in reality. This incident leads me to the reflection that sometimes our imagination foreshadows what lies uppermost in our minds and brings possibilities within the sphere of realities.","Which choice best describes the function of the underlined sentence in the text as a whole?","It indicates Yung’s unwillingness to distinguish between reality and fantasy as a child.","It foreshadows Yung’s future difficulties in publishing his writings.","It describes an event in Yung’s life that exemplifies a phenomenon.","It illustrates the sense of adventure that Yung developed as a child.","1",""
"2","7","The prints in Images of Autonomous Matter, part of a traveling exhibition of innovative Japanese art from the 1960s and 1970s, exemplify the interest in creating minimalist images of stark materials, such as steel, that first emerged among Japanese printmakers in the mid-to-late twentieth century. Mitsuo Kano’s close-up of a serrated metal fragment, Soldered Blue, and Tatsuo Kawaguchi’s image of a single corroded staple, which belongs to his Relation—Quality series, are two such works in the exhibit. In their emphasis on the innate qualities of manufactured materials, both prints push traditional boundaries for figurative art.","Which statement about the prints by Kano and Kawaguchi in Images of Autonomous Matter is best supported by the text?","The portrayal of imperfection in the prints illustrates that the artist’s goal was to disrupt the carefully covered nature of most art exhibitions.","The objects depicted and the manner of depiction render the prints distinct from more conventional works of art.","The prints showcase how different methods for printing images can offer unique perspectives on stark materials.","The prints emulate the style of an earlier artistic movement that used simplistic compositions and featured industrial objects.","1",""
"2","8","Radamés Cordero et al. have confirmed that twenty mushroom species (including Coprinellus micaceus and species from the genus Russula) maintain subambient temperatures in both their fruited bodies and their mycelium (the root-like hyphae from which the fruited bodies grow), though the benefits of this hypothermic behavior are unclear. Noting that relative coldness was more pronounced in fruiting than in nonfruiting sites of the mycelium—a difference that persisted even after fruited bodies were detached—the researchers speculate that thermoregulation in the mycelium may influence reproductive success.","Which statement about the mycelium of the twenty mushroom species is best supported by the text?","Variation in thermoregulation across the mycelium may occur independent of the presence or absence of fruited bodies.","The correlation between higher mycelium temperature and greater fruit productivity indicates that successful reproduction may be dependent on thermoregulation in the mycelium.","Temperatures in the fruiting areas of the mycelium are lower than in the nonfruiting areas due to differences in the depth and spread of the mycelium within soil or other organic matter.","The mycelium generally maintains temperatures lower than those of the fruited bodies even when considering temperature variations between fruiting and nonfruiting sites.","1",""
"2","9","The following text is from William Carlos Williams’s 1925 creative nonfiction book In the American Grain. Williams is discussing how works by nineteenth-century US poet and fiction writer Edgar Allan Poe were received by American readers.

Poe must suffer by his originality. Invent that which is new, even if it be made of pine from your own yard, and there’s none to know what you have done. It is because there’s no name. This is the cause of Poe’s lack of recognition. He was American. He was the astounding, inconceivable growth of his locality. Gape at him they did, and he at them in amazement. Afterward with mutual hatred; he in disgust, they in mistrust. It is only that which is under your nose which seems inexplicable.","What does the text most strongly suggest about Poe’s work and American readers?","Poe’s work was so innovative that there was not even terminology to describe it, which led American readers to regard both the work and Poe himself as strange but quintessentially American.","Poe’s work had few fans among American readers because it tended to present a negative image of American life and institutions.","American readers largely ignored Poe’s work because its tone and subject matter were out of keeping with mainstream literature.","American readers failed to appreciate Poe’s work because of its novelty and the fact that it reflected aspects of the American character too ingrained in those readers for them to comprehend.","1",""
"2","10","<table class=""passage-table"" border=""1"" style=""border-collapse: collapse; width: 100%; margin-bottom: 15px;""><tr><th style=""border: 1px solid #cbd5e1; padding: 8px; background-color: #f8fafc; font-weight: bold; text-align: left;"">Common name</th><th style=""border: 1px solid #cbd5e1; padding: 8px; background-color: #f8fafc; font-weight: bold; text-align: left;"">Average mass (kg)</th><th style=""border: 1px solid #cbd5e1; padding: 8px; background-color: #f8fafc; font-weight: bold; text-align: left;"">Capable of flight?</th></tr><tr><td style=""border: 1px solid #cbd5e1; padding: 8px; text-align: left;"">Lesser rhea</td><td style=""border: 1px solid #cbd5e1; padding: 8px; text-align: left;"">19.6</td><td style=""border: 1px solid #cbd5e1; padding: 8px; text-align: left;"">No</td></tr><tr><td style=""border: 1px solid #cbd5e1; padding: 8px; text-align: left;"">Dalmatian pelican</td><td style=""border: 1px solid #cbd5e1; padding: 8px; text-align: left;"">11.5</td><td style=""border: 1px solid #cbd5e1; padding: 8px; text-align: left;"">Yes</td></tr><tr><td style=""border: 1px solid #cbd5e1; padding: 8px; text-align: left;"">Andean condor</td><td style=""border: 1px solid #cbd5e1; padding: 8px; text-align: left;"">11.3</td><td style=""border: 1px solid #cbd5e1; padding: 8px; text-align: left;"">Yes</td></tr><tr><td style=""border: 1px solid #cbd5e1; padding: 8px; text-align: left;"">Northern cassowary</td><td style=""border: 1px solid #cbd5e1; padding: 8px; text-align: left;"">44.0</td><td style=""border: 1px solid #cbd5e1; padding: 8px; text-align: left;"">No</td></tr></table>

Most bird species that are capable of flight weigh less than a kilogram (kg), which is not surprising considering the burden that extra body weight puts on a flying animal. But not all flying birds are so light, as we can see most clearly in the example of the ______.","Which choice most effectively uses data from the table to complete the example?","northern cassowary, which has an average mass of 44.0 kg.","Andean condor, which has an average mass below 10 kg.","northern cassowary, which has a higher average mass than the lesser rhea.","Dalmatian pelican, which has an average mass of 11.5 kg.","1",""
"2","11","The 2002 production of I’m Not Rappaport was the first Broadway show for which Teresa Snider-Stein was credited as a costume designer. Snider-Stein was among the Broadway costume designers interviewed by Sara Jablon-Roberts and Eulanda A. Sanders for their study of historical accuracy in costume design. They argue that aesthetics often outweigh fidelity to the past among designers for shows with historical settings. In a paper for a theater class, a student claims that the costume design for a modern production of Shakespeare’s A Midsummer Night’s Dream (set in ancient Greece) exemplifies this tendency.","Which quotation from the costume designer for the modern production of A Midsummer Night’s Dream would most effectively support the student’s claim?","“For A Midsummer Night’s Dream, I decided not to include the extra fabric that would have been typical of clothing in the period because it made the costumes unappealingly bulky.”","“In trying to create the period look of A Midsummer Night’s Dream, I had to make some practical compromises, such as substituting cooler modern fabrics for historically accurate woolens so that the actors didn’t overheat.”","“Although historically accurate costumes would have added an air of authenticity to A Midsummer Night’s Dream, they have so many layers that costume changes would have been difficult.”","“The clothing of the period of A Midsummer Night’s Dream is aesthetically appealing but largely unfamiliar to today’s audiences, so minor deviations from historical accuracy largely went unnoticed.”","1",""
"2","12","Studying animals in a laboratory allows variables to be systematically controlled, but removing animals from their wild habitats can affect their behavior and biology in unforeseen ways. Given this, biologists Rebecca M. Calisi-Rodriguez and George E. Bentley examined research on brown-throated three-toed sloths and canaries to see whether results from studies in the wild were consistent with the results of studies in the laboratory. Therefore, data showing that brown-throated three-toed sloths tend to sleep fewer than 10 hours per day in the wild would be irrelevant to Calisi-Rodriguez and Bentley's investigation if ______.","Which choice most logically completes the text?","this behavior pattern has not been studied in the lab.","they tend to sleep more than 15 hours per day in the lab.","the brains of male canaries show predictable seasonal changes in the wild.","such data have been collected for canaries in laboratory settings but not in the wild.","1",""
"2","13","In 2008, the US state of Hawaii enacted rate stability regulations (RSRs), constraining insurance companies’ latitude to raise premiums (the periodic fees policyholders pay to maintain insurance policies) after policies are in effect. RSRs are effective at protecting existing policyholders from price volatility, but Naoki Aizawa and Ami Ko note that since dynamic pricing of premiums is an important risk-mitigation tool for insurers, RSRs may lead some insurers to scale back or entirely cease selling new policies in the affected market, thereby reducing the competitive pressure that typically restrains premium prices for new policies. Thus, Hawaii’s RSRs may ______.","Which choice most logically completes the text?","benefit policyholders at the expense of nonpolicyholders seeking to acquire policies.","reduce premium price volatility once policies are in effect but increase risks for policyholders.","prevent large increases in premium prices for new policies despite leading to fewer insurers offering such policies in the affected market.","be more advantageous for insurers than they are for either current or prospective policyholders.","1",""
"2","14","In an analysis of medieval urbanization in Pisa, Greifswald, and other European settlements, researchers drew on modern urban scaling theory, which posits that population density in core urban areas increases as a city grows larger. Hypothesizing that this typical relationship would have differed in medieval settlements because of the constraining influence of strong hierarchical social structures (which are much less pronounced in modern cities) on social networking and economic integration—drivers of urban agglomeration—the team created a model that accounted for the presence of restrictive institutions. They found that the typically expected density-size relationship held for each of the 173 medieval settlements whose growth they analyzed, suggesting that ______.","Which choice most logically completes the text?","although there tends to be a positive relationship between population size and development of core urban areas for both medieval settlements and modern cities, social institutions likely limited the rate at which population density increased in medieval settlements.","despite a change in the role of social structures over time, there is likely a notable consistency between medieval settlements and modern cities in underlying elements of the social and economic interactions among individuals that shape the development of core urban areas.","the social and economic dynamics that affect urban agglomeration were likely much different in medieval settlements than in modern cities, despite the similarity across time in population density patterns.","the constraining influence of hierarchical medieval institutions likely had a significant effect on individuals in some social groupings but little to no effect on members of other social groupings.","1",""
"2","15","Painter Georgette ______ for incorporating everyday objects from her Singaporean environment—such as lanterns, mooncakes, and tropical fruits—into her still-life compositions, was a pivotal figure in the mid-twentieth-century Nanyang art movement, which sought to blend European painting traditions (including still life) with elements of Southeast Asian cultures and art.","Which choice completes the text so that it conforms to the conventions of Standard English?","Chen, was known","Chen, known","Chen was known","Chen is known","1",""
"2","16","“Streetwide and bitter as hope / strewn between El Salvador and San Francisco.” These lines are from a poem by Chicano ______ whose early career as a campesino informs the dialogue on Mexican American politics and identity that unfolds in his work.","Which choice completes the text so that it conforms to the conventions of Standard English?","writer Juan Felipe Herrera,","writer, Juan Felipe Herrera","writer, Juan Felipe Herrera,","writer Juan Felipe Herrera","1",""
"2","17","Los Angeles–based artist Henry Taylor's large, vibrant paintings of prominent Black figures such as Olympian Alice Coachman (See Alice Jump, 2011) and artist David Hammons (Hammons meets a hyena on holiday, ______ celebrated by admirers of twenty-first-century portraiture, attracted legions of new fans in 2024 when they were included in a popular Taylor retrospective at the Whitney Museum.","Which choice completes the text so that it conforms to the conventions of Standard English?","2016), long","2016) were long","2016) have long been","2016), had long been","1",""
"2","18","Among the small magazines animating Boston’s vibrant literary scene in the early twentieth century was ______ by William Stanley Braithwaite and featuring poetry by John Gould Fletcher, Louis Untermeyer, and Richard Aldington; essays by Amy Lowell and Jeanette Marks; and reviews of recent books, this magazine publicized the work of influential avant-garde writers and artists of the day.","Which choice completes the text so that it conforms to the conventions of Standard English?","the Poetry Review of America. Edited","the Poetry Review of America; edited","the Poetry Review of America, edited","the Poetry Review of America edited","1",""
"2","19","Reena Esmail's classical composition “Summitless Mountains” incorporates a raag, a melodic framework used in Hindustani classical music, called Raag Chandrakauns. Often, interplay between the raag's designated vadi and samvadi (the first- and second-most important notes, respectively) and its prescribed melodic sequences ______ an unsettled mood.","Which choice completes the text so that it conforms to the conventions of Standard English?","have evoked","evoke","evokes","evoking","1",""
"2","20","Archived within the storied libraries of Timbuktu, a West African city prominent during the Songhai Empire, is The Pearls Leading to Accepted Guidance, one of the city's hundreds of thousands of historical manuscripts, each of which ______ researchers insight into Timbuktu's tenure as a center of trade and education.","Which choice completes the text so that it conforms to the conventions of Standard English?","are offering","offer","offering","offers","1",""
"2","21","As anthropologist Cristina Grasseni explains, many artisanal cheeses in Italy, such as Provolone Valpadana from Trentino-Alto Adige and Ragusano from Sicily, are highly valued for their regional authenticity; ______ they are prized for being made using local ingredients and methods typical of their respective geographic regions.","Which choice completes the text with the most logical transition?","that is,","still,","rather,","then,","1",""
"2","22","The moon Leda orbits Jupiter in the same direction that the planet rotates. ______ Leda’s orbit is described as prograde. Ananke, another of Jupiter’s moons, orbits in the opposite direction, so its orbit is described with the opposite term: retrograde.","Which choice completes the text with the most logical transition?","In reality,","Nevertheless,","Hence,","Next,","1",""
"2","23","For several centuries after the birth of opera in sixteenth-century Florence, Italian remained the default language in which most opera scores were written. ______ opera singers today, such as the tenor Lawrence Brownlee, encounter a wide range of Italian terms—from affettuoso (with feeling) to affrettando (at a hurried tempo)—when following many eighteenth-century opera scores.","Which choice completes the text with the most logical transition?","Hence,","Lastly,","Granted,","However,","1",""
"2","24","Srivijaya, a Buddhist sea power based in Sumatra in Indonesia that reached the height of its influence around 800 CE, is classified as a thalassocracy. Thalassocracies are generally considered distinct from tellurocracies, or land-based powers. ______ the British Empire (1600s–1900s CE) notably extended its hegemony across both land and sea.","Which choice completes the text with the most logical transition?","Underscoring this difference,","Exemplifying this distinction,","Supporting this claim,","Blurring this line,","1",""
"2","25","According to climate envelope models, individual organisms that inhabit the coolest areas of their species’ geographic distribution are expected to benefit from a warming climate, while individuals in the warmest areas will struggle. A 2024 University of Arizona study, ______ found that warmer-than-average temperatures resulted in a decrease in growth across all areas of the common piñon tree's distribution range.","Which choice completes the text with the most logical transition?","though,","therefore,","for example,","moreover,","1",""
"2","26","While researching a topic, a student has taken the following notes:

Hyde Park is a 1931 color linocut print by Canadian artist Sybil Andrews.

It depicts a tranquil, everyday scene (a spring day in a city park).

Amanzi Amthatha (“The cold water takes him”) is a 2001 black-and-white linocut print by South African artist Nomathemba Tana.

It features a scene with an explicitly political point of view (a Xhosa warrior fighting British colonial rule).

Relief printing is a technique in which an image is carved onto a printing block, covered in ink or paint, and stamped onto paper.

Lino cutting is a type of relief printing that uses linoleum tile as the printing block.","The student wants to contrast the subject matter of the two prints. Which choice most effectively uses relevant information from the notes to accomplish this goal?","The print by Tana is a black-and-white linocut; by contrast, Andrews's is a relief print.","Tana's print expresses an explicitly political point of view, while Andrews's depicts a tranquil, everyday scene.","Andrews made Hyde Park in 1931, while Tana made Amanzi Amthatha (“The cold water takes him”) later, in 2001.","The scenes depicted in both works were first carved onto a printing block, then stamped onto paper; however, one work is a linocut, while the other is a relief print.","1",""
"2","27","While researching a topic, a student has taken the following notes:

Francis Halzen is a Belgian particle physicist.

Particle physicists study subatomic particles.

Neutrinos are some of the least understood subatomic particles.

Neutrinos were first discovered in the mid-twentieth century.

Halzen is known for his discovery of high-energy astrophysical neutrinos.","The student wants to provide an example of a particle physicist whose research focuses on neutrinos. Which choice most effectively uses relevant information from the notes to accomplish this goal?","The research done on high-energy astrophysical neutrinos exemplifies the work particle physicists do to advance our understanding of subatomic particles.","By studying high-energy astrophysical neutrinos—to name just one example—particle physicists can learn more about neutrinos.","Particle physicist Francis Halzen is known for his discovery of high-energy astrophysical neutrinos.","Neutrinos are a type of subatomic particle that particle physicists are still trying to understand.","1",""
